Area Code,City,State,Country
201,Bayonne,New Jersey,US
201,Bergenfield,New Jersey,US
201,Cliffside Park,New Jersey,US
201,Englewood,New Jersey,US
201,Fair Lawn,New Jersey,US
201,Fort Lee,New Jersey,US
201,Hackensack,New Jersey,US
201,Hoboken,New Jersey,US
201,Jersey City,New Jersey,US
201,Kearny,New Jersey,US
201,North Bergen,New Jersey,US
201,Paramus,New Jersey,US
201,Ridgewood,New Jersey,US
201,Teaneck,New Jersey,US
201,Union City,New Jersey,US
201,West New York,New Jersey,US
202,Washington,District of Columbia,US
203,Bridgeport,Connecticut,US
203,Danbury,Connecticut,US
203,East Haven,Connecticut,US
203,Meriden,Connecticut,US
203,Milford,Connecticut,US
203,Naugatuck,Connecticut,US
203,New Haven,Connecticut,US
203,North Haven,Connecticut,US
203,Norwalk,Connecticut,US
203,Shelton,Connecticut,US
203,Stamford,Connecticut,US
203,Stratford,Connecticut,US
203,Trumbull,Connecticut,US
203,Waterbury,Connecticut,US
203,West Haven,Connecticut,US
203,Westport,Connecticut,US
205,Alabaster,Alabama,US
205,Bessemer,Alabama,US
205,Birmingham,Alabama,US
205,Center Point,Alabama,US
205,Homewood,Alabama,US
205,Hoover,Alabama,US
205,Mountain Brook,Alabama,US
205,Tuscaloosa,Alabama,US
205,Vestavia Hills,Alabama,US
206,Bainbridge Island,Washington,US
206,Burien,Washington,US
206,Des Moines,Washington,US
206,Mercer Island,Washington,US
206,Seattle,Washington,US
206,Shoreline,Washington,US
206,White Center,Washington,US
207,Auburn,Maine,US
207,Augusta,Maine,US
207,Bangor,Maine,US
207,Biddeford,Maine,US
207,Brunswick,Maine,US
207,Lewiston,Maine,US
207,South Portland,Maine,US
207,South Portland,Maine,US
208,Boise,Idaho,US
208,Caldwell,Idaho,US
208,Coeur d'Alene,Idaho,US
208,Idaho Falls,Idaho,US
208,Lewiston,Idaho,US
208,Meridian,Idaho,US
208,Moscow,Idaho,US
208,Nampa,Idaho,US
208,Pocatello,Idaho,US
208,Twin Falls,Idaho,US
209,Atwater,California,US
209,Ceres,California,US
209,Lodi,California,US
209,Los Banos,California,US
209,Manteca,California,US
209,Merced,California,US
209,West Modesto,California,US
209,Stockton,California,US
209,Tracy,California,US
209,Turlock,California,US
210,San Antonio,Texas,US
212,New York City,New York,US
212,New York City,New York,US
213,Los Angeles,California,US
214,Allen,Texas,US
214,Arlington,Texas,US
214,Carrollton,Texas,US
214,Cedar Hill,Texas,US
214,Coppell,Texas,US
214,Dallas,Texas,US
214,DeSoto,Texas,US
214,Duncanville,Texas,US
214,Farmers Branch,Texas,US
214,Flower Mound,Texas,US
214,Frisco,Texas,US
214,Garland,Texas,US
214,Grand Prairie,Texas,US
214,Irving,Texas,US
214,Lancaster,Texas,US
214,Lewisville,Texas,US
214,McKinney,Texas,US
214,Mesquite,Texas,US
214,Plano,Texas,US
214,Richardson,Texas,US
214,Rowlett,Texas,US
214,The Colony,Texas,US
214,University Park,Texas,US
214,Waxahachie,Texas,US
215,Levittown,Pennsylvania,US
215,Philadelphia,Pennsylvania,US
216,Brook Park,Ohio,US
216,East Cleveland,Ohio,US
216,Cleveland Heights,Ohio,US
216,East Cleveland,Ohio,US
216,South Euclid,Ohio,US
216,Garfield Heights,Ohio,US
216,Lakewood,Ohio,US
216,Maple Heights,Ohio,US
216,Parma,Ohio,US
216,Shaker Heights,Ohio,US
216,South Euclid,Ohio,US
217,Champaign,Illinois,US
217,Charleston,Illinois,US
217,Danville,Illinois,US
217,Decatur,Illinois,US
217,Quincy,Illinois,US
217,Springfield,Illinois,US
217,Urbana,Illinois,US
218,Andover,Minnesota,US
218,Duluth,Minnesota,US
218,Moorhead,Minnesota,US
219,East Chicago,Indiana,US
219,Gary,Indiana,US
219,Hammond,Indiana,US
219,Highland,Indiana,US
219,Hobart,Indiana,US
219,LaPorte,Indiana,US
219,Merrillville,Indiana,US
219,Michigan City,Indiana,US
219,Munster,Indiana,US
219,Portage,Indiana,US
219,Schererville,Indiana,US
219,Valparaiso,Indiana,US
220,Athens,Ohio,US
220,Chillicothe,Ohio,US
220,Delaware,Ohio,US
220,Lancaster,Ohio,US
220,Marion,Ohio,US
220,Newark,Ohio,US
220,Portsmouth,Ohio,US
220,Zanesville,Ohio,US
224,Algonquin,Illinois,US
224,Arlington Heights,Illinois,US
224,Buffalo Grove,Illinois,US
224,Carpentersville,Illinois,US
224,Des Plaines,Illinois,US
224,South Elgin,Illinois,US
224,Elk Grove Village,Illinois,US
224,Evanston,Illinois,US
224,Glenview,Illinois,US
224,Gurnee,Illinois,US
224,Highland Park,Illinois,US
224,Hoffman Estates,Illinois,US
224,Lake Forest,Illinois,US
224,Lake in the Hills,Illinois,US
224,Libertyville,Illinois,US
224,Morton Grove,Illinois,US
224,Mount Prospect,Illinois,US
224,Mundelein,Illinois,US
224,Niles,Illinois,US
224,North Chicago,Illinois,US
224,Northbrook,Illinois,US
224,Palatine,Illinois,US
224,Park Ridge,Illinois,US
224,Rolling Meadows,Illinois,US
224,Round Lake Beach,Illinois,US
224,Schaumburg,Illinois,US
224,Skokie,Illinois,US
224,Vernon Hills,Illinois,US
224,Waukegan,Illinois,US
224,Wheeling,Illinois,US
224,Wilmette,Illinois,US
224,Zion,Illinois,US
225,Baton Rouge,Louisiana,US
228,Biloxi,Mississippi,US
228,West Gulfport,Mississippi,US
228,Pascagoula,Mississippi,US
229,Albany,Georgia,US
229,Valdosta,Georgia,US
231,Muskegon,Michigan,US
231,Norton Shores,Michigan,US
231,Shelby,Michigan,US
234,Akron,Ohio,US
234,Alliance,Ohio,US
234,Austintown,Ohio,US
234,Barberton,Ohio,US
234,Boardman,Ohio,US
234,Brunswick,Ohio,US
234,North Canton,Ohio,US
234,Cuyahoga Falls,Ohio,US
234,Green,Ohio,US
234,Hudson,Ohio,US
234,Kent,Ohio,US
234,Massillon,Ohio,US
234,Medina,Ohio,US
234,Niles,Ohio,US
234,Stow,Ohio,US
234,Warren,Ohio,US
234,Wooster,Ohio,US
234,Youngstown,Ohio,US
239,Bonita Springs,Florida,US
239,Cape Coral,Florida,US
239,North Fort Myers,Florida,US
239,Golden Gate,Florida,US
239,Lehigh Acres,Florida,US
239,Naples,Florida,US
239,North Fort Myers,Florida,US
240,Aspen Hill,Maryland,US
240,North Bethesda,Maryland,US
240,Bowie,Maryland,US
240,Chillum,Maryland,US
240,Clinton,Maryland,US
240,College Park,Maryland,US
240,Cumberland,Maryland,US
240,Fairland,Maryland,US
240,Fort Washington,Maryland,US
240,Frederick,Maryland,US
240,Gaithersburg,Maryland,US
240,Germantown,Maryland,US
240,Greenbelt,Maryland,US
240,Hagerstown,Maryland,US
240,Landover,Maryland,US
240,Montgomery Village,Maryland,US
240,North Bethesda,Maryland,US
240,South Laurel,Maryland,US
240,North Potomac,Maryland,US
240,Olney,Maryland,US
240,Potomac,Maryland,US
240,Rockville,Maryland,US
240,Silver Spring,Maryland,US
240,South Laurel,Maryland,US
240,Saint Charles,Maryland,US
240,Suitland,Maryland,US
240,Waldorf,Maryland,US
240,White Oak,Maryland,US
248,West Bloomfield Township,Michigan,US
248,Farmington Hills,Michigan,US
248,Ferndale,Michigan,US
248,Madison Heights,Michigan,US
248,Novi,Michigan,US
248,Oak Park,Michigan,US
248,Pontiac,Michigan,US
248,Rochester Hills,Michigan,US
248,Royal Oak,Michigan,US
248,Southfield,Michigan,US
248,Troy,Michigan,US
248,Waterford,Michigan,US
248,West Bloomfield Township,Michigan,US
251,Mobile,Alabama,US
251,Prichard,Alabama,US
252,Greenville,North Carolina,US
252,Havelock,North Carolina,US
252,Kinston,North Carolina,US
252,New Bern,North Carolina,US
252,Rocky Mount,North Carolina,US
252,Wilson,North Carolina,US
253,Auburn,Washington,US
253,East Hill-Meridian,Washington,US
253,Federal Way,Washington,US
253,Lakewood,Washington,US
253,Parkland,Washington,US
253,Puyallup,Washington,US
253,South Hill,Washington,US
253,Spanaway,Washington,US
253,Tacoma,Washington,US
253,University Place,Washington,US
254,Copperas Cove,Texas,US
254,Fort Hood,Texas,US
254,Killeen,Texas,US
254,Temple,Texas,US
254,Waco,Texas,US
256,Anniston,Alabama,US
256,Decatur,Alabama,US
256,Florence,Alabama,US
256,Gadsden,Alabama,US
256,Huntsville,Alabama,US
256,Madison,Alabama,US
260,Fort Wayne,Indiana,US
262,Brookfield,Wisconsin,US
262,Caledonia,Wisconsin,US
262,Kenosha,Wisconsin,US
262,Menomonee Falls,Wisconsin,US
262,Mequon,Wisconsin,US
262,Muskego,Wisconsin,US
262,New Berlin,Wisconsin,US
262,Racine,Wisconsin,US
262,Waukesha,Wisconsin,US
262,West Bend,Wisconsin,US
267,Levittown,Pennsylvania,US
267,Philadelphia,Pennsylvania,US
269,Battle Creek,Michigan,US
269,Kalamazoo,Michigan,US
269,Portage,Michigan,US
270,Bowling Green,Kentucky,US
270,Elizabethtown,Kentucky,US
270,Henderson,Kentucky,US
270,Hopkinsville,Kentucky,US
270,Owensboro,Kentucky,US
270,Paducah,Kentucky,US
270,Radcliff,Kentucky,US
272,Back Mountain,Pennsylvania,US
272,Hazleton,Pennsylvania,US
272,Scranton,Pennsylvania,US
272,Wilkes-Barre,Pennsylvania,US
272,Williamsport,Pennsylvania,US
276,Richmond,Virginia,US
281,Alvin,Texas,US
281,Atascocita,Texas,US
281,Baytown,Texas,US
281,Channelview,Texas,US
281,Cloverleaf,Texas,US
281,Deer Park,Texas,US
281,Friendswood,Texas,US
281,South Houston,Texas,US
281,La Porte,Texas,US
281,League City,Texas,US
281,Mission Bend,Texas,US
281,Missouri City,Texas,US
281,Pasadena,Texas,US
281,Pearland,Texas,US
281,Rosenberg,Texas,US
281,Spring,Texas,US
281,Sugar Land,Texas,US
281,The Woodlands,Texas,US
301,Aspen Hill,Maryland,US
301,North Bethesda,Maryland,US
301,Bowie,Maryland,US
301,Chillum,Maryland,US
301,Clinton,Maryland,US
301,College Park,Maryland,US
301,Cumberland,Maryland,US
301,Fairland,Maryland,US
301,Fort Washington,Maryland,US
301,Frederick,Maryland,US
301,Gaithersburg,Maryland,US
301,Germantown,Maryland,US
301,Greenbelt,Maryland,US
301,Hagerstown,Maryland,US
301,Landover,Maryland,US
301,Montgomery Village,Maryland,US
301,North Bethesda,Maryland,US
301,South Laurel,Maryland,US
301,North Potomac,Maryland,US
301,Olney,Maryland,US
301,Potomac,Maryland,US
301,Rockville,Maryland,US
301,Silver Spring,Maryland,US
301,South Laurel,Maryland,US
301,Saint Charles,Maryland,US
301,Suitland,Maryland,US
301,Waldorf,Maryland,US
301,White Oak,Maryland,US
302,Dover,Delaware,US
302,Newark,Delaware,US
302,Wilmington,Delaware,US
303,Arvada,Colorado,US
303,Aurora,Colorado,US
303,Boulder,Colorado,US
303,Brighton,Colorado,US
303,Broomfield,Colorado,US
303,Castle Rock,Colorado,US
303,Castlewood,Colorado,US
303,Columbine,Colorado,US
303,Commerce City,Colorado,US
303,Denver,Colorado,US
303,Englewood,Colorado,US
303,Highlands Ranch,Colorado,US
303,Ken Caryl,Colorado,US
303,Lafayette,Colorado,US
303,Lakewood,Colorado,US
303,Littleton,Colorado,US
303,Longmont,Colorado,US
303,Loveland,Colorado,US
303,Northglenn,Colorado,US
303,Parker,Colorado,US
303,Southglenn,Colorado,US
303,Thornton,Colorado,US
303,Westminster,Colorado,US
303,Wheat Ridge,Colorado,US
304,South Charleston,West Virginia,US
304,Huntington,West Virginia,US
304,Morgantown,West Virginia,US
304,Parkersburg,West Virginia,US
304,Weirton,West Virginia,US
304,Wheeling,West Virginia,US
305,Aventura,Florida,US
305,Carol City,Florida,US
305,Coral Gables,Florida,US
305,Coral Terrace,Florida,US
305,Country Club,Florida,US
305,Cutler Ridge,Florida,US
305,Doral,Florida,US
305,Golden Glades,Florida,US
305,Hialeah,Florida,US
305,Homestead,Florida,US
305,Kendale Lakes,Florida,US
305,Kendall West,Florida,US
305,Key West,Florida,US
305,Leisure City,Florida,US
305,West Miami,Florida,US
305,North Miami Beach,Florida,US
305,Miami Lakes,Florida,US
305,Miramar,Florida,US
305,Norland,Florida,US
305,North Miami,Florida,US
305,North Miami Beach,Florida,US
305,Richmond West,Florida,US
305,Richmond Heights,Florida,US
305,South Miami Heights,Florida,US
305,Tamiami,Florida,US
305,West Little River,Florida,US
305,Westchester,Florida,US
307,Casper,Wyoming,US
307,Cheyenne,Wyoming,US
307,Gillette,Wyoming,US
307,Laramie,Wyoming,US
308,Grand Island,Nebraska,US
308,Kearney,Nebraska,US
308,North Platte,Nebraska,US
309,Bloomington,Illinois,US
309,East Moline,Illinois,US
309,East Peoria,Illinois,US
309,Galesburg,Illinois,US
309,Moline,Illinois,US
309,Normal,Illinois,US
309,Pekin,Illinois,US
309,Peoria,Illinois,US
309,Rock Island,Illinois,US
310,Beverly Hills,California,US
310,West Carson,California,US
310,Culver City,California,US
310,Gardena,California,US
310,Hawthorne,California,US
310,Inglewood,California,US
310,Lawndale,California,US
310,Lennox,California,US
310,Lomita,California,US
310,Lynwood,California,US
310,Manhattan Beach,California,US
310,Rancho Palos Verdes,California,US
310,Redondo Beach,California,US
310,Santa Monica,California,US
310,Torrance,California,US
310,West Carson,California,US
312,West Chicago,Illinois,US
313,Allen Park,Michigan,US
313,Dearborn,Michigan,US
313,Dearborn Heights,Michigan,US
313,Detroit,Michigan,US
313,Hamtramck,Michigan,US
313,Inkster,Michigan,US
313,Lincoln Park,Michigan,US
313,Redford,Michigan,US
313,Taylor,Michigan,US
314,Kirkwood,Missouri,US
314,Maryland Heights,Missouri,US
314,Mehlville,Missouri,US
314,Oakville,Missouri,US
314,Spanish Lake,Missouri,US
314,St. Louis,Missouri,US
314,University City,Missouri,US
314,Webster Groves,Missouri,US
314,Affton,Missouri,US
314,Ferguson,Missouri,US
314,Florissant,Missouri,US
314,Hazelwood,Missouri,US
315,Auburn,New York,US
315,Rome,New York,US
315,Syracuse,New York,US
315,Utica,New York,US
315,Watertown,New York,US
316,Wichita,Kansas,US
317,Carmel,Indiana,US
317,Fishers,Indiana,US
317,Greenwood,Indiana,US
317,Indianapolis,Indiana,US
317,Lawrence,Indiana,US
317,Noblesville,Indiana,US
318,Alexandria,Louisiana,US
318,Bossier City,Louisiana,US
318,West Monroe,Louisiana,US
318,Ruston,Louisiana,US
318,Shreveport,Louisiana,US
319,Burlington,Iowa,US
319,Cedar Falls,Iowa,US
319,Cedar Rapids,Iowa,US
319,Iowa City,Iowa,US
319,Marion,Iowa,US
319,Waterloo,Iowa,US
320,Saint Cloud,Minnesota,US
321,Altamonte Springs,Florida,US
321,South Apopka,Florida,US
321,Casselberry,Florida,US
321,Kissimmee,Florida,US
321,West Melbourne,Florida,US
321,Merritt Island,Florida,US
321,Oak Ridge,Florida,US
321,Ocoee,Florida,US
321,Orlando,Florida,US
321,Oviedo,Florida,US
321,Palm Bay,Florida,US
321,Pine Hills,Florida,US
321,Rockledge,Florida,US
321,Sanford,Florida,US
321,Saint Cloud,Florida,US
321,Titusville,Florida,US
321,University Park,Florida,US
321,Wekiwa Springs,Florida,US
321,Winter Park,Florida,US
321,Winter Springs,Florida,US
323,Bell,California,US
323,Bell Gardens,California,US
323,Cudahy,California,US
323,East Los Angeles,California,US
323,Florence-Graham,California,US
323,Huntington Park,California,US
323,Maywood,California,US
323,Montebello,California,US
323,South Gate,California,US
323,West Hollywood,California,US
323,Westmont,California,US
325,Abilene,Texas,US
325,San Angelo,Texas,US
330,Akron,Ohio,US
330,Alliance,Ohio,US
330,Austintown,Ohio,US
330,Barberton,Ohio,US
330,Boardman,Ohio,US
330,Brunswick,Ohio,US
330,North Canton,Ohio,US
330,Cuyahoga Falls,Ohio,US
330,Green,Ohio,US
330,Hudson,Ohio,US
330,Kent,Ohio,US
330,Massillon,Ohio,US
330,Medina,Ohio,US
330,Niles,Ohio,US
330,Stow,Ohio,US
330,Warren,Ohio,US
330,Wooster,Ohio,US
330,Youngstown,Ohio,US
331,Addison,Illinois,US
331,North Aurora,Illinois,US
331,Bartlett,Illinois,US
331,Batavia,Illinois,US
331,Bensenville,Illinois,US
331,Bloomingdale,Illinois,US
331,Bolingbrook,Illinois,US
331,Carol Stream,Illinois,US
331,Darien,Illinois,US
331,Downers Grove,Illinois,US
331,Elmhurst,Illinois,US
331,Glen Ellyn,Illinois,US
331,Glendale Heights,Illinois,US
331,Hanover Park,Illinois,US
331,Lisle,Illinois,US
331,Lombard,Illinois,US
331,Naperville,Illinois,US
331,Roselle,Illinois,US
331,Saint Charles,Illinois,US
331,Streamwood,Illinois,US
331,Villa Park,Illinois,US
331,West Chicago,Illinois,US
331,Westmont,Illinois,US
331,Wheaton,Illinois,US
331,Woodridge,Illinois,US
334,Auburn,Alabama,US
334,Dothan,Alabama,US
334,Enterprise,Alabama,US
334,Montgomery,Alabama,US
334,Opelika,Alabama,US
334,Phenix City,Alabama,US
334,Prattville,Alabama,US
334,Selma,Alabama,US
336,Asheboro,North Carolina,US
336,Burlington,North Carolina,US
336,Greensboro,North Carolina,US
336,High Point,North Carolina,US
336,Winston-Salem,North Carolina,US
337,Lafayette,Louisiana,US
337,Lake Charles,Louisiana,US
337,New Iberia,Louisiana,US
337,Opelousas,Louisiana,US
337,Sulphur,Louisiana,US
339,Arlington,Massachusetts,US
339,Braintree,Massachusetts,US
339,Burlington,Massachusetts,US
339,Dedham,Massachusetts,US
339,Lexington,Massachusetts,US
339,Lynn,Massachusetts,US
339,Malden,Massachusetts,US
339,Marblehead,Massachusetts,US
339,Medford,Massachusetts,US
339,Melrose,Massachusetts,US
339,Needham,Massachusetts,US
339,Norwood,Massachusetts,US
339,Randolph,Massachusetts,US
339,Reading,Massachusetts,US
339,Revere,Massachusetts,US
339,Saugus,Massachusetts,US
339,Stoneham,Massachusetts,US
339,Wakefield,Massachusetts,US
339,Waltham,Massachusetts,US
339,Wellesley,Massachusetts,US
339,Weymouth,Massachusetts,US
339,Winchester,Massachusetts,US
339,Woburn,Massachusetts,US
346,Alvin,Texas,US
346,Atascocita,Texas,US
346,Baytown,Texas,US
346,Channelview,Texas,US
346,Cloverleaf,Texas,US
346,Deer Park,Texas,US
346,Friendswood,Texas,US
346,South Houston,Texas,US
346,La Porte,Texas,US
346,League City,Texas,US
346,Mission Bend,Texas,US
346,Missouri City,Texas,US
346,Pasadena,Texas,US
346,Pearland,Texas,US
346,Rosenberg,Texas,US
346,Spring,Texas,US
346,Sugar Land,Texas,US
346,The Woodlands,Texas,US
347,The Bronx,New York,US
347,Brooklyn,New York,US
347,New York City,New York,US
347,Borough of Queens,New York,US
347,Staten Island,New York,US
351,Beverly,Massachusetts,US
351,Chelmsford,Massachusetts,US
351,Danvers,Massachusetts,US
351,Fitchburg,Massachusetts,US
351,Gardner,Massachusetts,US
351,Gloucester,Massachusetts,US
351,Haverhill,Massachusetts,US
351,Lawrence,Massachusetts,US
351,Leominster,Massachusetts,US
351,Lowell,Massachusetts,US
351,Methuen,Massachusetts,US
351,South Peabody,Massachusetts,US
351,Salem,Massachusetts,US
351,Wilmington,Massachusetts,US
352,Gainesville,Florida,US
352,Oakland Park,Florida,US
352,Ocala,Florida,US
352,Spring Hill,Florida,US
360,Bellingham,Washington,US
360,Bremerton,Washington,US
360,Lacey,Washington,US
360,Longview,Washington,US
360,Marysville,Washington,US
360,Mount Vernon,Washington,US
360,Marysville,Washington,US
360,Olympia,Washington,US
360,Vancouver,Washington,US
361,Corpus Christi,Texas,US
361,Kingsville,Texas,US
361,Victoria,Texas,US
364,Bowling Green,Kentucky,US
364,Elizabethtown,Kentucky,US
364,Henderson,Kentucky,US
364,Hopkinsville,Kentucky,US
364,Owensboro,Kentucky,US
364,Paducah,Kentucky,US
364,Radcliff,Kentucky,US
385,American Fork,Utah,US
385,West Bountiful,Utah,US
385,Clearfield,Utah,US
385,Cottonwood Heights,Utah,US
385,Draper,Utah,US
385,East Millcreek,Utah,US
385,Kaysville,Utah,US
385,Kearns,Utah,US
385,Layton,Utah,US
385,Magna,Utah,US
385,Midvale,Utah,US
385,Millcreek,Utah,US
385,Murray,Utah,US
385,South Ogden,Utah,US
385,Orem,Utah,US
385,Pleasant Grove,Utah,US
385,Provo,Utah,US
385,Riverton,Utah,US
385,Roy,Utah,US
385,Salt Lake City,Utah,US
385,Sandy City,Utah,US
385,South Jordan,Utah,US
385,South Salt Lake,Utah,US
385,Spanish Fork,Utah,US
385,Springville,Utah,US
385,Taylorsville,Utah,US
385,West Jordan,Utah,US
385,West Valley City,Utah,US
386,Daytona Beach,Florida,US
386,DeLand,Florida,US
386,Deltona,Florida,US
386,New Smyrna Beach,Florida,US
386,Ormond Beach,Florida,US
386,Palm Coast,Florida,US
386,Port Orange,Florida,US
401,Bristol,Rhode Island,US
401,Cranston,Rhode Island,US
401,East Providence,Rhode Island,US
401,Newport East,Rhode Island,US
401,North Providence,Rhode Island,US
401,Pawtucket,Rhode Island,US
401,Providence,Rhode Island,US
401,West Warwick,Rhode Island,US
401,West Warwick,Rhode Island,US
401,Woonsocket,Rhode Island,US
402,Bellevue,Nebraska,US
402,Columbus,Nebraska,US
402,Fremont,Nebraska,US
402,Hastings,Nebraska,US
402,Lincoln,Nebraska,US
402,Norfolk,Nebraska,US
402,Omaha,Nebraska,US
404,Atlanta,Georgia,US
404,Candler-McAfee,Georgia,US
404,College Park,Georgia,US
404,College Park,Georgia,US
404,East Point,Georgia,US
404,Forest Park,Georgia,US
404,Atlanta,Georgia,US
404,Sandy Springs,Georgia,US
404,Tucker,Georgia,US
405,Bethany,Oklahoma,US
405,Del City,Oklahoma,US
405,Edmond,Oklahoma,US
405,Midwest City,Oklahoma,US
405,Moore,Oklahoma,US
405,Norman,Oklahoma,US
405,Oklahoma City,Oklahoma,US
405,Shawnee,Oklahoma,US
405,Stillwater,Oklahoma,US
405,Yukon,Oklahoma,US
406,Billings,Montana,US
406,Bozeman,Montana,US
406,Butte,Montana,US
406,Great Falls,Montana,US
406,Helena,Montana,US
406,Missoula,Montana,US
407,Altamonte Springs,Florida,US
407,South Apopka,Florida,US
407,Casselberry,Florida,US
407,Kissimmee,Florida,US
407,Oak Ridge,Florida,US
407,Ocoee,Florida,US
407,Orlando,Florida,US
407,Oviedo,Florida,US
407,Pine Hills,Florida,US
407,Sanford,Florida,US
407,Saint Cloud,Florida,US
407,University Park,Florida,US
407,Wekiwa Springs,Florida,US
407,Winter Park,Florida,US
407,Winter Springs,Florida,US
408,Campbell,California,US
408,Gilroy,California,US
408,Los Gatos,California,US
408,Milpitas,California,US
408,Morgan Hill,California,US
408,San Jose,California,US
408,Santa Clara,California,US
408,Saratoga,California,US
408,Sunnyvale,California,US
409,Beaumont,Texas,US
409,Galveston,Texas,US
409,Port Arthur,Texas,US
409,Texas City,Texas,US
410,Annapolis,Maryland,US
410,Arbutus,Maryland,US
410,Arnold,Maryland,US
410,Baltimore,Maryland,US
410,Bel Air North,Maryland,US
410,Bel Air South,Maryland,US
410,Carney,Maryland,US
410,Catonsville,Maryland,US
410,Columbia,Maryland,US
410,Crofton,Maryland,US
410,Dundalk,Maryland,US
410,Edgewood,Maryland,US
410,Eldersburg,Maryland,US
410,West Elkridge,Maryland,US
410,Ellicott City,Maryland,US
410,Essex,Maryland,US
410,Glen Burnie,Maryland,US
410,Lochearn,Maryland,US
410,Middle River,Maryland,US
410,Milford Mill,Maryland,US
410,Odenton,Maryland,US
410,Parkville,Maryland,US
410,Perry Hall,Maryland,US
410,Pikesville,Maryland,US
410,Randallstown,Maryland,US
410,Reisterstown,Maryland,US
410,Salisbury,Maryland,US
410,Severn,Maryland,US
410,Severna Park,Maryland,US
410,South Gate,Maryland,US
410,Towson,Maryland,US
412,Bethel Park,Pennsylvania,US
412,McKeesport,Pennsylvania,US
412,Mount Lebanon,Pennsylvania,US
412,Monroeville,Pennsylvania,US
412,Penn Hills,Pennsylvania,US
412,Pittsburgh,Pennsylvania,US
412,Plum,Pennsylvania,US
412,Upper Saint Clair,Pennsylvania,US
412,West Mifflin,Pennsylvania,US
413,Agawam,Massachusetts,US
413,North Chicopee,Massachusetts,US
413,Holyoke,Massachusetts,US
413,Northampton,Massachusetts,US
413,Pittsfield,Massachusetts,US
413,West Springfield,Massachusetts,US
413,West Springfield,Massachusetts,US
413,Westfield,Massachusetts,US
414,Franklin,Wisconsin,US
414,Greenfield,Wisconsin,US
414,South Milwaukee,Wisconsin,US
414,Oak Creek,Wisconsin,US
414,South Milwaukee,Wisconsin,US
414,Wauwatosa,Wisconsin,US
414,West Allis,Wisconsin,US
415,Novato,California,US
415,San Anselmo,California,US
415,South San Francisco,California,US
415,San Rafael,California,US
417,Joplin,Missouri,US
417,Springfield,Missouri,US
419,Ashland,Ohio,US
419,Bowling Green,Ohio,US
419,Findlay,Ohio,US
419,Lima,Ohio,US
419,Mansfield,Ohio,US
419,Sandusky,Ohio,US
419,Toledo,Ohio,US
423,Bristol,Tennessee,US
423,East Chattanooga,Tennessee,US
423,South Cleveland,Tennessee,US
423,East Ridge,Tennessee,US
423,Johnson City,Tennessee,US
423,Kingsport,Tennessee,US
423,Morristown,Tennessee,US
424,Beverly Hills,California,US
424,West Carson,California,US
424,Culver City,California,US
424,Gardena,California,US
424,Hawthorne,California,US
424,Inglewood,California,US
424,Lawndale,California,US
424,Lennox,California,US
424,Lomita,California,US
424,Lynwood,California,US
424,Manhattan Beach,California,US
424,Rancho Palos Verdes,California,US
424,Redondo Beach,California,US
424,Santa Monica,California,US
424,Torrance,California,US
424,West Carson,California,US
425,Bellevue,Washington,US
425,Bothell,Washington,US
425,Fairwood,Washington,US
425,Cottage Lake,Washington,US
425,Edmonds,Washington,US
425,Everett,Washington,US
425,Inglewood-Finn Hill,Washington,US
425,Kirkland,Washington,US
425,Lynnwood,Washington,US
425,Mountlake Terrace,Washington,US
425,North Creek,Washington,US
425,Redmond,Washington,US
425,Renton,Washington,US
425,City of Sammamish,Washington,US
432,Big Spring,Texas,US
432,Midland,Texas,US
432,West Odessa,Texas,US
434,Charlottesville,Virginia,US
434,Danville,Virginia,US
434,West Lynchburg,Virginia,US
435,Cedar City,Utah,US
435,North Logan,Utah,US
435,Saint George,Utah,US
435,Tooele,Utah,US
440,Ashtabula,Ohio,US
440,Eastlake,Ohio,US
440,Elyria,Ohio,US
440,Lorain,Ohio,US
440,Mentor,Ohio,US
440,North Olmsted,Ohio,US
440,North Ridgeville,Ohio,US
440,North Royalton,Ohio,US
440,Parma,Ohio,US
440,Parma Heights,Ohio,US
440,Rocky River,Ohio,US
440,Solon,Ohio,US
440,Strongsville,Ohio,US
440,Westlake,Ohio,US
440,Willoughby,Ohio,US
442,La Quinta,California,US
442,Oceanside,California,US
442,Palm Desert,California,US
442,Palm Springs,California,US
442,Ridgecrest,California,US
442,San Marcos,California,US
442,Victorville,California,US
442,Vista,California,US
442,Apple Valley,California,US
442,Barstow,California,US
442,Brawley,California,US
442,Calexico,California,US
442,Carlsbad,California,US
442,Cathedral City,California,US
442,Coachella,California,US
442,El Centro,California,US
442,Encinitas,California,US
442,Escondido,California,US
442,Fallbrook,California,US
442,Hesperia,California,US
442,Indio,California,US
443,Annapolis,Maryland,US
443,Arbutus,Maryland,US
443,Arnold,Maryland,US
443,Baltimore,Maryland,US
443,Bel Air North,Maryland,US
443,Bel Air South,Maryland,US
443,Carney,Maryland,US
443,Catonsville,Maryland,US
443,Columbia,Maryland,US
443,Crofton,Maryland,US
443,Dundalk,Maryland,US
443,Edgewood,Maryland,US
443,Eldersburg,Maryland,US
443,West Elkridge,Maryland,US
443,Ellicott City,Maryland,US
443,Essex,Maryland,US
443,Glen Burnie,Maryland,US
443,Lochearn,Maryland,US
443,Middle River,Maryland,US
443,Milford Mill,Maryland,US
443,Odenton,Maryland,US
443,Parkville,Maryland,US
443,Perry Hall,Maryland,US
443,Pikesville,Maryland,US
443,Randallstown,Maryland,US
443,Reisterstown,Maryland,US
443,Salisbury,Maryland,US
443,Severn,Maryland,US
443,Severna Park,Maryland,US
443,South Gate,Maryland,US
443,Towson,Maryland,US
458,Albany,Oregon,US
458,North Bend,Oregon,US
458,Corvallis,Oregon,US
458,Gresham,Oregon,US
458,Grants Pass,Oregon,US
458,Medford,Oregon,US
458,Roseburg North,Oregon,US
458,Springfield,Oregon,US
469,Allen,Texas,US
469,Carrollton,Texas,US
469,Cedar Hill,Texas,US
469,Coppell,Texas,US
469,Dallas,Texas,US
469,DeSoto,Texas,US
469,Duncanville,Texas,US
469,Farmers Branch,Texas,US
469,Flower Mound,Texas,US
469,Frisco,Texas,US
469,Garland,Texas,US
469,Grand Prairie,Texas,US
469,Irving,Texas,US
469,Lancaster,Texas,US
469,Lewisville,Texas,US
469,McKinney,Texas,US
469,Mesquite,Texas,US
469,Plano,Texas,US
469,Richardson,Texas,US
469,Rowlett,Texas,US
469,The Colony,Texas,US
469,University Park,Texas,US
469,Waxahachie,Texas,US
478,Macon,Georgia,US
478,Warner Robins,Georgia,US
479,Fayetteville,Arkansas,US
479,Fort Smith,Arkansas,US
479,Rogers,Arkansas,US
479,Russellville,Arkansas,US
479,Springdale,Arkansas,US
480,Apache Junction,Arizona,US
480,Chandler,Arizona,US
480,Fountain Hills,Arizona,US
480,Gilbert,Arizona,US
480,Mesa,Arizona,US
480,Scottsdale,Arizona,US
480,Tempe,Arizona,US
484,Allentown,Pennsylvania,US
484,Bethlehem,Pennsylvania,US
484,West Chester,Pennsylvania,US
484,Drexel Hill,Pennsylvania,US
484,Easton,Pennsylvania,US
484,Norristown,Pennsylvania,US
484,Pottstown,Pennsylvania,US
484,Radnor,Pennsylvania,US
484,Reading,Pennsylvania,US
484,Springfield,Pennsylvania,US
501,Benton,Arkansas,US
501,Conway,Arkansas,US
501,Hot Springs,Arkansas,US
501,Jacksonville,Arkansas,US
501,North Little Rock,Arkansas,US
501,North Little Rock,Arkansas,US
501,Sherwood,Arkansas,US
502,Frankfort,Kentucky,US
502,Louisville,Kentucky,US
503,Aloha,Oregon,US
503,Beaverton,Oregon,US
503,Gresham,Oregon,US
503,Hillsboro,Oregon,US
503,Keizer,Oregon,US
503,Lake Oswego,Oregon,US
503,McMinnville,Oregon,US
503,Milwaukie,Oregon,US
503,Oregon City,Oregon,US
503,Portland,Oregon,US
503,Salem,Oregon,US
503,Tigard,Oregon,US
503,Tualatin,Oregon,US
503,West Linn,Oregon,US
503,Woodburn,Oregon,US
504,Chalmette,Louisiana,US
504,Harvey,Louisiana,US
504,Kenner,Louisiana,US
504,Marrero,Louisiana,US
504,Metairie,Louisiana,US
504,New Orleans,Louisiana,US
504,Terrytown,Louisiana,US
505,Albuquerque,New Mexico,US
505,Farmington,New Mexico,US
505,Gallup,New Mexico,US
505,Rio Rancho,New Mexico,US
505,Santa Fe,New Mexico,US
505,South Valley,New Mexico,US
507,Austin,Minnesota,US
507,Faribault,Minnesota,US
507,North Mankato,Minnesota,US
507,Owatonna,Minnesota,US
507,Rochester,Minnesota,US
507,Winona,Minnesota,US
508,Attleboro,Massachusetts,US
508,Barnstable,Massachusetts,US
508,Brockton,Massachusetts,US
508,Fall River,Massachusetts,US
508,Framingham,Massachusetts,US
508,Franklin,Massachusetts,US
508,Marlborough,Massachusetts,US
508,Milford,Massachusetts,US
508,New Bedford,Massachusetts,US
508,Taunton,Massachusetts,US
508,Worcester,Massachusetts,US
509,Kennewick,Washington,US
509,Opportunity,Washington,US
509,Pasco,Washington,US
509,Pullman,Washington,US
509,West Richland,Washington,US
509,Spokane,Washington,US
509,Walla Walla,Washington,US
509,Wenatchee,Washington,US
509,Yakima,Washington,US
510,Alameda,California,US
510,Berkeley,California,US
510,Castro Valley,California,US
510,El Cerrito,California,US
510,Fremont,California,US
510,Hayward,California,US
510,Newark,California,US
510,Oakland,California,US
510,Richmond,California,US
510,San Leandro,California,US
510,San Lorenzo,California,US
510,San Pablo,California,US
510,Union City,California,US
512,Austin,Texas,US
512,Cedar Park,Texas,US
512,Georgetown,Texas,US
512,Round Rock,Texas,US
512,San Marcos,Texas,US
513,Cincinnati,Ohio,US
513,Fairfield,Ohio,US
513,Hamilton,Ohio,US
513,Mason,Ohio,US
513,Middletown,Ohio,US
513,Norwood,Ohio,US
513,Oxford,Ohio,US
515,Ames,Iowa,US
515,Ankeny,Iowa,US
515,West Des Moines,Iowa,US
515,Fort Dodge,Iowa,US
515,Urbandale,Iowa,US
515,West Des Moines,Iowa,US
516,Baldwin,New York,US
516,East Meadow,New York,US
516,Elmont,New York,US
516,Franklin Square,New York,US
516,Freeport,New York,US
516,Garden City,New York,US
516,Glen Cove,New York,US
516,West Hempstead,New York,US
516,Hicksville,New York,US
516,Levittown,New York,US
516,Long Beach,New York,US
516,North Massapequa,New York,US
516,North Merrick,New York,US
516,North Bellmore,New York,US
516,Oceanside,New York,US
516,Plainview,New York,US
516,Rockville Centre,New York,US
516,Uniondale,New York,US
516,Valley Stream,New York,US
517,Adrian,Michigan,US
517,Clinton,Michigan,US
517,East Lansing,Michigan,US
517,Jackson,Michigan,US
517,Lansing,Michigan,US
517,Okemos,Michigan,US
518,West Albany,New York,US
518,Rotterdam,New York,US
518,Saratoga Springs,New York,US
518,Schenectady,New York,US
518,Troy,New York,US
520,Casa Grande,Arizona,US
520,Catalina Foothills,Arizona,US
520,Drexel Heights,Arizona,US
520,Nogales,Arizona,US
520,Oro Valley,Arizona,US
520,Sierra Vista,Arizona,US
520,Tucson,Arizona,US
530,Chico,California,US
530,Davis,California,US
530,Paradise,California,US
530,Redding,California,US
530,South Lake Tahoe,California,US
530,Woodland,California,US
530,Yuba City,California,US
531,Bellevue,Nebraska,US
531,Columbus,Nebraska,US
531,Fremont,Nebraska,US
531,Hastings,Nebraska,US
531,Lincoln,Nebraska,US
531,Norfolk,Nebraska,US
531,Omaha,Nebraska,US
539,Bartlesville,Oklahoma,US
539,Broken Arrow,Oklahoma,US
539,Muskogee,Oklahoma,US
539,Tulsa,Oklahoma,US
540,Blacksburg,Virginia,US
540,Cave Spring,Virginia,US
540,Harrisonburg,Virginia,US
540,Roanoke,Virginia,US
540,Salem,Virginia,US
540,Staunton,Virginia,US
540,Winchester,Virginia,US
541,Albany,Oregon,US
541,North Bend,Oregon,US
541,Corvallis,Oregon,US
541,Gresham,Oregon,US
541,Grants Pass,Oregon,US
541,Medford,Oregon,US
541,Roseburg North,Oregon,US
541,Springfield,Oregon,US
551,Bayonne,New Jersey,US
551,Bergenfield,New Jersey,US
551,Cliffside Park,New Jersey,US
551,Englewood,New Jersey,US
551,Fair Lawn,New Jersey,US
551,Fort Lee,New Jersey,US
551,Hackensack,New Jersey,US
551,Hoboken,New Jersey,US
551,Jersey City,New Jersey,US
551,Kearny,New Jersey,US
551,North Bergen,New Jersey,US
551,Paramus,New Jersey,US
551,Ridgewood,New Jersey,US
551,Teaneck,New Jersey,US
551,Union City,New Jersey,US
551,West New York,New Jersey,US
559,Clovis,California,US
559,Fresno,California,US
559,Hanford,California,US
559,Madera,California,US
559,Porterville,California,US
559,Reedley,California,US
559,Tulare,California,US
559,Visalia,California,US
561,Boca Del Mar,Florida,US
561,Boca Raton,Florida,US
561,Boynton Beach,Florida,US
561,Delray Beach,Florida,US
561,Jupiter,Florida,US
561,Lake Worth,Florida,US
561,Palm Beach Gardens,Florida,US
561,Riviera Beach,Florida,US
561,Royal Palm Beach,Florida,US
561,University Park,Florida,US
561,Wellington,Florida,US
561,West Palm Beach,Florida,US
562,Bellflower,California,US
562,Cerritos,California,US
562,Downey,California,US
562,La Habra,California,US
562,La Mirada,California,US
562,Lakewood,California,US
562,Long Beach,California,US
562,Norwalk,California,US
562,Paramount,California,US
562,Pico Rivera,California,US
562,Seal Beach,California,US
562,South Whittier,California,US
562,West Whittier-Los Nietos,California,US
562,Whittier,California,US
563,Bettendorf,Iowa,US
563,Clinton,Iowa,US
563,Davenport,Iowa,US
563,Dubuque,Iowa,US
563,Muscatine,Iowa,US
567,Ashland,Ohio,US
567,Bowling Green,Ohio,US
567,Findlay,Ohio,US
567,Lima,Ohio,US
567,Mansfield,Ohio,US
567,Sandusky,Ohio,US
567,Toledo,Ohio,US
570,Back Mountain,Pennsylvania,US
570,Hazleton,Pennsylvania,US
570,Scranton,Pennsylvania,US
570,Wilkes-Barre,Pennsylvania,US
570,Williamsport,Pennsylvania,US
571,Alexandria,Virginia,US
571,Annandale,Virginia,US
571,Arlington,Virginia,US
571,Burke,Virginia,US
571,Centreville,Virginia,US
571,Chantilly,Virginia,US
571,Dale City,Virginia,US
571,Fairfax,Virginia,US
571,Franconia,Virginia,US
571,Groveton,Virginia,US
571,Herndon,Virginia,US
571,Lake Ridge,Virginia,US
571,Leesburg,Virginia,US
571,Manassas,Virginia,US
571,McLean,Virginia,US
571,Mount Vernon,Virginia,US
571,Oakton,Virginia,US
571,Reston,Virginia,US
571,West Springfield,Virginia,US
571,West Springfield,Virginia,US
573,Cape Girardeau,Missouri,US
573,Columbia,Missouri,US
573,Jefferson City,Missouri,US
574,Elkhart,Indiana,US
574,Goshen,Indiana,US
574,Granger,Indiana,US
574,Mishawaka,Indiana,US
574,South Bend,Indiana,US
575,Alamogordo,New Mexico,US
575,Carlsbad,New Mexico,US
575,Clovis,New Mexico,US
575,Hobbs,New Mexico,US
575,Las Cruces,New Mexico,US
575,Roswell,New Mexico,US
580,Altus,Oklahoma,US
580,Ardmore,Oklahoma,US
580,Duncan,Oklahoma,US
580,Enid,Oklahoma,US
580,Lawton,Oklahoma,US
580,Ponca City,Oklahoma,US
585,Brighton,New York,US
585,Irondequoit,New York,US
585,Rochester,New York,US
586,Clinton,Michigan,US
586,Eastpointe,Michigan,US
586,Roseville,Michigan,US
586,Shelby,Michigan,US
586,Saint Clair Shores,Michigan,US
586,Sterling Heights,Michigan,US
586,Warren,Michigan,US
601,Clinton,Mississippi,US
601,West Hattiesburg,Mississippi,US
601,Jackson,Mississippi,US
601,Meridian,Mississippi,US
601,Pearl,Mississippi,US
601,Ridgeland,Mississippi,US
601,Vicksburg,Mississippi,US
602,Phoenix,Arizona,US
603,East Concord,New Hampshire,US
603,Derry,New Hampshire,US
603,Dover,New Hampshire,US
603,Keene,New Hampshire,US
603,Manchester,New Hampshire,US
603,Nashua,New Hampshire,US
603,Portsmouth,New Hampshire,US
603,Rochester,New Hampshire,US
605,Aberdeen,South Dakota,US
605,Pierre,South Dakota,US
605,Rapid City,South Dakota,US
605,Sioux Falls,South Dakota,US
605,Watertown,South Dakota,US
606,Ashland,Kentucky,US
607,Binghamton,New York,US
607,Elmira,New York,US
607,Ithaca,New York,US
608,Beloit,Wisconsin,US
608,Fitchburg,Wisconsin,US
608,Janesville,Wisconsin,US
608,North La Crosse,Wisconsin,US
608,Madison,Wisconsin,US
608,Sun Prairie,Wisconsin,US
609,Atlantic City,New Jersey,US
609,Ewing,New Jersey,US
609,Trenton,New Jersey,US
609,Willingboro,New Jersey,US
610,Allentown,Pennsylvania,US
610,Bethlehem,Pennsylvania,US
610,West Chester,Pennsylvania,US
610,Drexel Hill,Pennsylvania,US
610,Easton,Pennsylvania,US
610,Norristown,Pennsylvania,US
610,Pottstown,Pennsylvania,US
610,Radnor,Pennsylvania,US
610,Reading,Pennsylvania,US
610,Springfield,Pennsylvania,US
612,Crystal,Minnesota,US
612,Golden Valley,Minnesota,US
612,Minneapolis,Minnesota,US
612,Richfield,Minnesota,US
612,Saint Louis Park,Minnesota,US
614,Columbus,Ohio,US
614,Dublin,Ohio,US
614,Gahanna,Ohio,US
614,Grove City,Ohio,US
614,Hilliard,Ohio,US
614,Reynoldsburg,Ohio,US
614,Upper Arlington,Ohio,US
614,Westerville,Ohio,US
615,Brentwood,Tennessee,US
615,Franklin,Tennessee,US
615,Gallatin,Tennessee,US
615,Hendersonville,Tennessee,US
615,Lebanon,Tennessee,US
615,Murfreesboro,Tennessee,US
615,Nashville,Tennessee,US
615,Smyrna,Tennessee,US
616,Forest Hills,Michigan,US
616,Grand Rapids,Michigan,US
616,Holland,Michigan,US
616,Kentwood,Michigan,US
616,Walker,Michigan,US
616,Wyoming,Michigan,US
617,Belmont,Massachusetts,US
617,South Boston,Massachusetts,US
617,Brookline,Massachusetts,US
617,Cambridge,Massachusetts,US
617,Chelsea,Massachusetts,US
617,Everett,Massachusetts,US
617,Milton,Massachusetts,US
617,Newton,Massachusetts,US
617,Quincy,Massachusetts,US
617,Somerville,Massachusetts,US
617,Watertown,Massachusetts,US
618,East Alton,Illinois,US
618,Belleville,Illinois,US
618,Carbondale,Illinois,US
618,Collinsville,Illinois,US
618,East Saint Louis,Illinois,US
618,Edwardsville,Illinois,US
618,Granite City,Illinois,US
618,O'Fallon,Illinois,US
619,Chula Vista,California,US
619,Coronado,California,US
619,El Cajon,California,US
619,Imperial Beach,California,US
619,La Mesa,California,US
619,La Presa,California,US
619,Lemon Grove,California,US
619,National City,California,US
619,Rancho San Diego,California,US
619,San Diego,California,US
619,Santee,California,US
619,Spring Valley,California,US
620,Dodge City,Kansas,US
620,Emporia,Kansas,US
620,Garden City,Kansas,US
620,Hutchinson,Kansas,US
623,Avondale,Arizona,US
623,Glendale,Arizona,US
623,Peoria,Arizona,US
623,Sun City West,Arizona,US
623,Sun City West,Arizona,US
623,Surprise,Arizona,US
626,Alhambra,California,US
626,Altadena,California,US
626,Arcadia,California,US
626,Azusa,California,US
626,Baldwin Park,California,US
626,West Covina,California,US
626,Duarte,California,US
626,South El Monte,California,US
626,Glendora,California,US
626,Hacienda Heights,California,US
626,La Puente,California,US
626,Monrovia,California,US
626,Monterey Park,California,US
626,South Pasadena,California,US
626,Rosemead,California,US
626,Rowland Heights,California,US
626,South San Gabriel,California,US
626,South El Monte,California,US
626,South Pasadena,California,US
626,South San Jose Hills,California,US
626,Temple City,California,US
626,Valinda,California,US
626,Walnut,California,US
626,West Covina,California,US
626,West Puente Valley,California,US
628,Novato,California,US
628,San Anselmo,California,US
628,South San Francisco,California,US
628,San Rafael,California,US
629,Brentwood,Tennessee,US
629,Franklin,Tennessee,US
629,Gallatin,Tennessee,US
629,Hendersonville,Tennessee,US
629,Lebanon,Tennessee,US
629,Murfreesboro,Tennessee,US
629,Nashville,Tennessee,US
629,Smyrna,Tennessee,US
630,Addison,Illinois,US
630,North Aurora,Illinois,US
630,Bartlett,Illinois,US
630,Batavia,Illinois,US
630,Bensenville,Illinois,US
630,Bloomingdale,Illinois,US
630,Bolingbrook,Illinois,US
630,Carol Stream,Illinois,US
630,Darien,Illinois,US
630,Downers Grove,Illinois,US
630,Elmhurst,Illinois,US
630,Glen Ellyn,Illinois,US
630,Glendale Heights,Illinois,US
630,Hanover Park,Illinois,US
630,Lisle,Illinois,US
630,Lombard,Illinois,US
630,Naperville,Illinois,US
630,Roselle,Illinois,US
630,Saint Charles,Illinois,US
630,Streamwood,Illinois,US
630,Villa Park,Illinois,US
630,West Chicago,Illinois,US
630,Westmont,Illinois,US
630,Wheaton,Illinois,US
630,Woodridge,Illinois,US
631,North Bay Shore,New York,US
631,Brentwood,New York,US
631,Centereach,New York,US
631,Central Islip,New York,US
631,Commack,New York,US
631,Copiague,New York,US
631,Coram,New York,US
631,Deer Park,New York,US
631,Dix Hills,New York,US
631,East Northport,New York,US
631,East Patchogue,New York,US
631,Hauppauge,New York,US
631,Holbrook,New York,US
631,Huntington Station,New York,US
631,West Islip,New York,US
631,North Lindenhurst,New York,US
631,Medford,New York,US
631,Ronkonkoma,New York,US
631,Selden,New York,US
631,Shirley,New York,US
631,Smithtown,New York,US
631,West Babylon,New York,US
631,West Islip,New York,US
636,Ballwin,Missouri,US
636,Chesterfield,Missouri,US
636,O'Fallon,Missouri,US
636,Saint Charles,Missouri,US
636,Saint Peters,Missouri,US
636,Wildwood,Missouri,US
641,Marshalltown,Iowa,US
641,Mason City,Iowa,US
641,Ottumwa,Iowa,US
646,New York City,New York,US
646,New York City,New York,US
650,Belmont,California,US
650,Burlingame,California,US
650,Daly City,California,US
650,East Palo Alto,California,US
650,Foster City,California,US
650,Los Altos,California,US
650,Menlo Park,California,US
650,Millbrae,California,US
650,Mountain View,California,US
650,Pacifica,California,US
650,Palo Alto,California,US
650,Redwood City,California,US
650,San Bruno,California,US
650,San Carlos,California,US
650,San Mateo,California,US
650,South San Francisco,California,US
651,Apple Valley,Minnesota,US
651,Cottage Grove,Minnesota,US
651,Eagan,Minnesota,US
651,Inver Grove Heights,Minnesota,US
651,Lakeville,Minnesota,US
651,Maplewood,Minnesota,US
651,New Brighton,Minnesota,US
651,Oakdale,Minnesota,US
651,Roseville,Minnesota,US
651,Shoreview,Minnesota,US
651,South Saint Paul,Minnesota,US
651,Saint Paul,Minnesota,US
651,White Bear Lake,Minnesota,US
651,Woodbury,Minnesota,US
657,Anaheim,California,US
657,Brea,California,US
657,Buena Park,California,US
657,Cypress,California,US
657,Fountain Valley,California,US
657,Fullerton,California,US
657,Garden Grove,California,US
657,Huntington Beach,California,US
657,Orange,California,US
657,Placentia,California,US
657,Santa Ana,California,US
657,Stanton,California,US
657,North Tustin,California,US
657,Westminster,California,US
657,Yorba Linda,California,US
660,Sedalia,Missouri,US
661,Bakersfield,California,US
661,Delano,California,US
661,Lancaster,California,US
661,Oildale,California,US
661,Palmdale,California,US
661,Santa Clarita,California,US
661,Wasco,California,US
662,Clarksdale,Mississippi,US
662,Columbus,Mississippi,US
662,Greenville,Mississippi,US
662,Olive Branch,Mississippi,US
662,Southaven,Mississippi,US
662,Starkville,Mississippi,US
662,Tupelo,Mississippi,US
667,Annapolis,Maryland,US
667,Arbutus,Maryland,US
667,Arnold,Maryland,US
667,Baltimore,Maryland,US
667,Bel Air North,Maryland,US
667,Bel Air South,Maryland,US
667,Carney,Maryland,US
667,Catonsville,Maryland,US
667,Columbia,Maryland,US
667,Crofton,Maryland,US
667,Dundalk,Maryland,US
667,Edgewood,Maryland,US
667,Eldersburg,Maryland,US
667,West Elkridge,Maryland,US
667,Ellicott City,Maryland,US
667,Essex,Maryland,US
667,Glen Burnie,Maryland,US
667,Lochearn,Maryland,US
667,Middle River,Maryland,US
667,Milford Mill,Maryland,US
667,Odenton,Maryland,US
667,Parkville,Maryland,US
667,Perry Hall,Maryland,US
667,Pikesville,Maryland,US
667,Randallstown,Maryland,US
667,Reisterstown,Maryland,US
667,Salisbury,Maryland,US
667,Severn,Maryland,US
667,Severna Park,Maryland,US
667,South Gate,Maryland,US
667,Towson,Maryland,US
669,Campbell,California,US
669,Gilroy,California,US
669,Los Gatos,California,US
669,Milpitas,California,US
669,Morgan Hill,California,US
669,San Jose,California,US
669,Santa Clara,California,US
669,Saratoga,California,US
669,Sunnyvale,California,US
678,Alpharetta,Georgia,US
678,Atlanta,Georgia,US
678,Candler-McAfee,Georgia,US
678,College Park,Georgia,US
678,College Park,Georgia,US
678,Douglasville,Georgia,US
678,Duluth,Georgia,US
678,Dunwoody,Georgia,US
678,East Point,Georgia,US
678,Forest Park,Georgia,US
678,Gainesville,Georgia,US
678,Griffin,Georgia,US
678,Kennesaw,Georgia,US
678,Lawrenceville,Georgia,US
678,Mableton,Georgia,US
678,Marietta,Georgia,US
678,Atlanta,Georgia,US
678,Peachtree City,Georgia,US
678,Redan,Georgia,US
678,Roswell,Georgia,US
678,Sandy Springs,Georgia,US
678,Smyrna,Georgia,US
678,Tucker,Georgia,US
681,South Charleston,West Virginia,US
681,Huntington,West Virginia,US
681,Morgantown,West Virginia,US
681,Parkersburg,West Virginia,US
681,Weirton,West Virginia,US
681,Wheeling,West Virginia,US
682,Arlington,Texas,US
682,Bedford,Texas,US
682,Benbrook,Texas,US
682,Burleson,Texas,US
682,Cleburne,Texas,US
682,Euless,Texas,US
682,Fort Worth,Texas,US
682,Grapevine,Texas,US
682,Haltom City,Texas,US
682,Hurst,Texas,US
682,Keller,Texas,US
682,Mansfield,Texas,US
682,North Richland Hills,Texas,US
682,Southlake,Texas,US
682,Watauga,Texas,US
701,Bismarck,North Dakota,US
701,West Fargo,North Dakota,US
701,Grand Forks,North Dakota,US
701,Minot,North Dakota,US
702,Henderson,Nevada,US
702,North Las Vegas,Nevada,US
702,North Las Vegas,Nevada,US
702,Paradise,Nevada,US
702,Spring Valley,Nevada,US
702,Sunrise Manor,Nevada,US
702,Winchester,Nevada,US
703,Alexandria,Virginia,US
703,Annandale,Virginia,US
703,Arlington,Virginia,US
703,Burke,Virginia,US
703,Centreville,Virginia,US
703,Chantilly,Virginia,US
703,Dale City,Virginia,US
703,Fairfax,Virginia,US
703,Franconia,Virginia,US
703,Groveton,Virginia,US
703,Herndon,Virginia,US
703,Lake Ridge,Virginia,US
703,Leesburg,Virginia,US
703,Manassas,Virginia,US
703,McLean,Virginia,US
703,Mount Vernon,Virginia,US
703,Oakton,Virginia,US
703,Reston,Virginia,US
703,West Springfield,Virginia,US
703,West Springfield,Virginia,US
704,Charlotte,North Carolina,US
704,Concord,North Carolina,US
704,South Gastonia,North Carolina,US
704,Huntersville,North Carolina,US
704,Kannapolis,North Carolina,US
704,Matthews,North Carolina,US
704,Monroe,North Carolina,US
704,Salisbury,North Carolina,US
704,Statesville,North Carolina,US
706,Athens,Georgia,US
706,Augusta,Georgia,US
706,Columbus,Georgia,US
706,Dalton,Georgia,US
706,La Grange,Georgia,US
706,Martinez,Georgia,US
706,Rome,Georgia,US
707,Benicia,California,US
707,Eureka,California,US
707,Fairfield,California,US
707,Napa,California,US
707,Petaluma,California,US
707,Rohnert Park,California,US
707,Santa Rosa,California,US
707,Suisun,California,US
707,Vacaville,California,US
707,Vallejo,California,US
707,Windsor,California,US
708,Bellwood,Illinois,US
708,Berwyn,Illinois,US
708,Blue Island,Illinois,US
708,Burbank,Illinois,US
708,Calumet City,Illinois,US
708,Chicago Heights,Illinois,US
708,Cicero,Illinois,US
708,Dolton,Illinois,US
708,Elmwood Park,Illinois,US
708,Evergreen Park,Illinois,US
708,Harvey,Illinois,US
708,Lansing,Illinois,US
708,Maywood,Illinois,US
708,Melrose Park,Illinois,US
708,Oak Forest,Illinois,US
708,Oak Lawn,Illinois,US
708,Oak Park,Illinois,US
708,Orland Park,Illinois,US
708,Park Forest,Illinois,US
708,South Holland,Illinois,US
708,Tinley Park,Illinois,US
712,Council Bluffs,Iowa,US
712,Sioux City,Iowa,US
713,Alvin,Texas,US
713,Atascocita,Texas,US
713,Baytown,Texas,US
713,Channelview,Texas,US
713,Cloverleaf,Texas,US
713,Deer Park,Texas,US
713,Friendswood,Texas,US
713,South Houston,Texas,US
713,La Porte,Texas,US
713,League City,Texas,US
713,Mission Bend,Texas,US
713,Missouri City,Texas,US
713,Pasadena,Texas,US
713,Pearland,Texas,US
713,Rosenberg,Texas,US
713,Spring,Texas,US
713,Sugar Land,Texas,US
713,The Woodlands,Texas,US
714,Anaheim,California,US
714,Brea,California,US
714,Buena Park,California,US
714,Cypress,California,US
714,Fountain Valley,California,US
714,Fullerton,California,US
714,Garden Grove,California,US
714,Huntington Beach,California,US
714,Orange,California,US
714,Placentia,California,US
714,Santa Ana,California,US
714,Stanton,California,US
714,North Tustin,California,US
714,Westminster,California,US
714,Yorba Linda,California,US
715,Eau Claire,Wisconsin,US
715,Stevens Point,Wisconsin,US
715,Superior,Wisconsin,US
715,Wausau,Wisconsin,US
716,Buffalo,New York,US
716,Cheektowaga,New York,US
716,Jamestown,New York,US
716,South Lockport,New York,US
716,Niagara Falls,New York,US
716,North Tonawanda,New York,US
716,Tonawanda,New York,US
716,West Seneca,New York,US
717,Harrisburg,Pennsylvania,US
717,Lancaster,Pennsylvania,US
717,Lebanon,Pennsylvania,US
717,York,Pennsylvania,US
718,The Bronx,New York,US
718,Brooklyn,New York,US
718,New York City,New York,US
718,Borough of Queens,New York,US
718,Staten Island,New York,US
719,Colorado Springs,Colorado,US
719,Pueblo West,Colorado,US
719,Security-Widefield,Colorado,US
720,Arvada,Colorado,US
720,Aurora,Colorado,US
720,Boulder,Colorado,US
720,Brighton,Colorado,US
720,Broomfield,Colorado,US
720,Castle Rock,Colorado,US
720,Castlewood,Colorado,US
720,Columbine,Colorado,US
720,Commerce City,Colorado,US
720,Denver,Colorado,US
720,Englewood,Colorado,US
720,Highlands Ranch,Colorado,US
720,Ken Caryl,Colorado,US
720,Lafayette,Colorado,US
720,Lakewood,Colorado,US
720,Littleton,Colorado,US
720,Longmont,Colorado,US
720,Loveland,Colorado,US
720,Northglenn,Colorado,US
720,Parker,Colorado,US
720,Southglenn,Colorado,US
720,Thornton,Colorado,US
720,Westminster,Colorado,US
720,Wheat Ridge,Colorado,US
724,Monroeville,Pennsylvania,US
724,New Castle,Pennsylvania,US
724,Plum,Pennsylvania,US
724,Upper Saint Clair,Pennsylvania,US
725,Henderson,Nevada,US
725,North Las Vegas,Nevada,US
725,North Las Vegas,Nevada,US
725,Paradise,Nevada,US
725,Spring Valley,Nevada,US
725,Sunrise Manor,Nevada,US
725,Winchester,Nevada,US
727,Bayonet Point,Florida,US
727,Clearwater,Florida,US
727,Dunedin,Florida,US
727,Holiday,Florida,US
727,Largo,Florida,US
727,Lealman,Florida,US
727,Palm Harbor,Florida,US
727,Pinellas Park,Florida,US
727,Saint Petersburg,Florida,US
727,Tarpon Springs,Florida,US
731,Jackson,Tennessee,US
732,Carteret,New Jersey,US
732,East Brunswick,New Jersey,US
732,Edison,New Jersey,US
732,Lakewood,New Jersey,US
732,West Long Branch,New Jersey,US
732,New Brunswick,New Jersey,US
732,East Brunswick,New Jersey,US
732,North Plainfield,New Jersey,US
732,South Old Bridge,New Jersey,US
732,Perth Amboy,New Jersey,US
732,Rahway,New Jersey,US
732,Sayreville,New Jersey,US
732,Somerset,New Jersey,US
732,Toms River,New Jersey,US
734,Ann Arbor,Michigan,US
734,Canton,Michigan,US
734,Garden City,Michigan,US
734,Livonia,Michigan,US
734,South Monroe,Michigan,US
734,Plymouth,Michigan,US
734,Romulus,Michigan,US
734,Southgate,Michigan,US
734,Westland,Michigan,US
734,Wyandotte,Michigan,US
734,Ypsilanti,Michigan,US
737,Austin,Texas,US
737,Cedar Park,Texas,US
737,Georgetown,Texas,US
737,Round Rock,Texas,US
737,San Marcos,Texas,US
740,Athens,Ohio,US
740,Chillicothe,Ohio,US
740,Delaware,Ohio,US
740,Lancaster,Ohio,US
740,Marion,Ohio,US
740,Newark,Ohio,US
740,Portsmouth,Ohio,US
740,Zanesville,Ohio,US
743,Asheboro,North Carolina,US
743,Burlington,North Carolina,US
743,Greensboro,North Carolina,US
743,High Point,North Carolina,US
743,Winston-Salem,North Carolina,US
747,Agoura Hills,California,US
747,Burbank,California,US
747,Calabasas,California,US
747,North Glendale,California,US
747,La Caada Flintridge,California,US
747,San Fernando,California,US
754,Coconut Creek,Florida,US
754,Cooper City,Florida,US
754,Coral Springs,Florida,US
754,Dania Beach,Florida,US
754,Davie,Florida,US
754,Deerfield Beach,Florida,US
754,Fort Lauderdale,Florida,US
754,Hallandale Beach,Florida,US
754,Hollywood,Florida,US
754,Lauderdale Lakes,Florida,US
754,Lauderhill,Florida,US
754,Margate,Florida,US
754,North Lauderdale,Florida,US
754,Pembroke Pines,Florida,US
754,Plantation,Florida,US
754,Pompano Beach,Florida,US
754,Sunrise,Florida,US
754,Tamarac,Florida,US
754,Weston,Florida,US
757,Chesapeake,Virginia,US
757,Hampton,Virginia,US
757,Newport News,Virginia,US
757,Norfolk,Virginia,US
757,Portsmouth,Virginia,US
757,Suffolk,Virginia,US
757,Virginia Beach,Virginia,US
760,Apple Valley,California,US
760,Barstow,California,US
760,Brawley,California,US
760,Calexico,California,US
760,Carlsbad,California,US
760,Cathedral City,California,US
760,Coachella,California,US
760,El Centro,California,US
760,Encinitas,California,US
760,Escondido,California,US
760,Fallbrook,California,US
760,Hesperia,California,US
760,Indio,California,US
760,La Quinta,California,US
760,Oceanside,California,US
760,Palm Desert,California,US
760,Palm Springs,California,US
760,Ridgecrest,California,US
760,San Marcos,California,US
760,Victorville,California,US
760,Vista,California,US
762,Athens,Georgia,US
762,Augusta,Georgia,US
762,Columbus,Georgia,US
762,Dalton,Georgia,US
762,La Grange,Georgia,US
762,Martinez,Georgia,US
762,Rome,Georgia,US
763,Blaine,Minnesota,US
763,Brooklyn Center,Minnesota,US
763,Brooklyn Park,Minnesota,US
763,Champlin,Minnesota,US
763,West Coon Rapids,Minnesota,US
763,Fridley,Minnesota,US
763,Maple Grove,Minnesota,US
763,New Hope,Minnesota,US
763,Plymouth,Minnesota,US
765,Anderson,Indiana,US
765,Kokomo,Indiana,US
765,West Lafayette,Indiana,US
765,Marion,Indiana,US
765,Muncie,Indiana,US
765,Richmond,Indiana,US
765,West Lafayette,Indiana,US
769,Clinton,Mississippi,US
769,West Hattiesburg,Mississippi,US
769,Jackson,Mississippi,US
769,Meridian,Mississippi,US
769,Pearl,Mississippi,US
769,Ridgeland,Mississippi,US
769,Vicksburg,Mississippi,US
770,Alpharetta,Georgia,US
770,Atlanta,Georgia,US
770,College Park,Georgia,US
770,Douglasville,Georgia,US
770,Duluth,Georgia,US
770,Dunwoody,Georgia,US
770,Forest Park,Georgia,US
770,Gainesville,Georgia,US
770,Griffin,Georgia,US
770,Kennesaw,Georgia,US
770,Lawrenceville,Georgia,US
770,Mableton,Georgia,US
770,Marietta,Georgia,US
770,Atlanta,Georgia,US
770,Peachtree City,Georgia,US
770,Redan,Georgia,US
770,Roswell,Georgia,US
770,Sandy Springs,Georgia,US
770,Smyrna,Georgia,US
770,Tucker,Georgia,US
772,Fort Pierce South,Florida,US
772,Palm City,Florida,US
772,Port Saint Lucie,Florida,US
772,Vero Beach South,Florida,US
773,West Chicago,Illinois,US
774,Attleboro,Massachusetts,US
774,Barnstable,Massachusetts,US
774,Brockton,Massachusetts,US
774,Fall River,Massachusetts,US
774,Framingham,Massachusetts,US
774,Franklin,Massachusetts,US
774,Marlborough,Massachusetts,US
774,Milford,Massachusetts,US
774,New Bedford,Massachusetts,US
774,Taunton,Massachusetts,US
774,Worcester,Massachusetts,US
775,Carson City,Nevada,US
775,Pahrump,Nevada,US
775,Reno,Nevada,US
775,Sparks,Nevada,US
779,Belvidere,Illinois,US
779,Crystal Lake,Illinois,US
779,DeKalb,Illinois,US
779,Freeport,Illinois,US
779,Joliet,Illinois,US
779,Kankakee,Illinois,US
779,Loves Park,Illinois,US
779,Machesney Park,Illinois,US
779,McHenry,Illinois,US
779,Rockford,Illinois,US
779,Romeoville,Illinois,US
779,Woodstock,Illinois,US
781,Arlington,Massachusetts,US
781,Braintree,Massachusetts,US
781,Burlington,Massachusetts,US
781,Dedham,Massachusetts,US
781,Lexington,Massachusetts,US
781,Lynn,Massachusetts,US
781,Malden,Massachusetts,US
781,Marblehead,Massachusetts,US
781,Medford,Massachusetts,US
781,Melrose,Massachusetts,US
781,Needham,Massachusetts,US
781,Norwood,Massachusetts,US
781,Randolph,Massachusetts,US
781,Reading,Massachusetts,US
781,Revere,Massachusetts,US
781,Saugus,Massachusetts,US
781,Stoneham,Massachusetts,US
781,Wakefield,Massachusetts,US
781,Waltham,Massachusetts,US
781,Wellesley,Massachusetts,US
781,Weymouth,Massachusetts,US
781,Winchester,Massachusetts,US
781,Woburn,Massachusetts,US
785,Hays,Kansas,US
785,Lawrence,Kansas,US
785,Manhattan,Kansas,US
785,Salina,Kansas,US
785,Topeka,Kansas,US
786,Aventura,Florida,US
786,Carol City,Florida,US
786,Coral Gables,Florida,US
786,Coral Terrace,Florida,US
786,Country Club,Florida,US
786,Cutler Ridge,Florida,US
786,Doral,Florida,US
786,Golden Glades,Florida,US
786,Hialeah,Florida,US
786,Homestead,Florida,US
786,Kendale Lakes,Florida,US
786,Kendall West,Florida,US
786,Key West,Florida,US
786,Leisure City,Florida,US
786,West Miami,Florida,US
786,North Miami Beach,Florida,US
786,Miami Lakes,Florida,US
786,Miramar,Florida,US
786,Norland,Florida,US
786,North Miami,Florida,US
786,North Miami Beach,Florida,US
786,Richmond West,Florida,US
786,Richmond Heights,Florida,US
786,South Miami Heights,Florida,US
786,Tamiami,Florida,US
786,West Little River,Florida,US
786,Westchester,Florida,US
801,American Fork,Utah,US
801,West Bountiful,Utah,US
801,Clearfield,Utah,US
801,Cottonwood Heights,Utah,US
801,Draper,Utah,US
801,East Millcreek,Utah,US
801,Kaysville,Utah,US
801,Kearns,Utah,US
801,Layton,Utah,US
801,Magna,Utah,US
801,Midvale,Utah,US
801,Millcreek,Utah,US
801,Murray,Utah,US
801,South Ogden,Utah,US
801,Orem,Utah,US
801,Pleasant Grove,Utah,US
801,Provo,Utah,US
801,Riverton,Utah,US
801,Roy,Utah,US
801,Salt Lake City,Utah,US
801,Sandy City,Utah,US
801,South Jordan,Utah,US
801,South Salt Lake,Utah,US
801,Spanish Fork,Utah,US
801,Springville,Utah,US
801,Taylorsville,Utah,US
801,West Jordan,Utah,US
801,West Valley City,Utah,US
802,South Burlington,Vermont,US
802,Montpelier,Vermont,US
803,Aiken,South Carolina,US
803,West Columbia,South Carolina,US
803,Rock Hill,South Carolina,US
803,Saint Andrews,South Carolina,US
803,Sumter,South Carolina,US
804,Hopewell,Virginia,US
804,Mechanicsville,Virginia,US
804,Petersburg,Virginia,US
804,Richmond,Virginia,US
804,Tuckahoe,Virginia,US
805,Atascadero,California,US
805,Camarillo,California,US
805,Paso Robles,California,US
805,Goleta,California,US
805,Lompoc,California,US
805,Moorpark,California,US
805,Orcutt,California,US
805,Oxnard,California,US
805,Port Hueneme,California,US
805,Ventura,California,US
805,San Luis Obispo,California,US
805,Santa Barbara,California,US
805,Santa Maria,California,US
805,Santa Paula,California,US
805,Simi Valley,California,US
805,Thousand Oaks,California,US
806,Amarillo,Texas,US
806,Lubbock,Texas,US
806,Plainview,Texas,US
808,Hilo,Hawaii,US
808,Honolulu,Hawaii,US
808,Kahului,Hawaii,US
808,Kailua-Kona,Hawaii,US
808,Kneohe,Hawaii,US
808,Mililani Town,Hawaii,US
808,Pearl City,Hawaii,US
808,Waimalu,Hawaii,US
808,Waipahu,Hawaii,US
810,Burton,Michigan,US
810,Flint,Michigan,US
810,Port Huron,Michigan,US
812,Bloomington,Indiana,US
812,Clarksville,Indiana,US
812,Columbus,Indiana,US
812,Evansville,Indiana,US
812,Jeffersonville,Indiana,US
812,New Albany,Indiana,US
812,Terre Haute,Indiana,US
813,Brandon,Florida,US
813,Citrus Park,Florida,US
813,Greater Northdale,Florida,US
813,Lake Magdalene,Florida,US
813,Land O' Lakes,Florida,US
813,Plant City,Florida,US
813,Tampa,Florida,US
813,Temple Terrace,Florida,US
813,Town 'n' Country,Florida,US
814,Altoona,Pennsylvania,US
814,Erie,Pennsylvania,US
814,Johnstown,Pennsylvania,US
814,State College,Pennsylvania,US
815,Belvidere,Illinois,US
815,Crystal Lake,Illinois,US
815,DeKalb,Illinois,US
815,Freeport,Illinois,US
815,Joliet,Illinois,US
815,Kankakee,Illinois,US
815,Loves Park,Illinois,US
815,Machesney Park,Illinois,US
815,McHenry,Illinois,US
815,Rockford,Illinois,US
815,Romeoville,Illinois,US
815,Woodstock,Illinois,US
816,Belton,Missouri,US
816,Blue Springs,Missouri,US
816,Gladstone,Missouri,US
816,Grandview,Missouri,US
816,Independence,Missouri,US
816,Kansas City,Missouri,US
816,Lee's Summit,Missouri,US
816,Liberty,Missouri,US
816,Raytown,Missouri,US
816,Saint Joseph,Missouri,US
817,Arlington,Texas,US
817,Bedford,Texas,US
817,Benbrook,Texas,US
817,Burleson,Texas,US
817,Cleburne,Texas,US
817,Euless,Texas,US
817,Fort Worth,Texas,US
817,Grapevine,Texas,US
817,Haltom City,Texas,US
817,Hurst,Texas,US
817,Keller,Texas,US
817,Mansfield,Texas,US
817,North Richland Hills,Texas,US
817,Southlake,Texas,US
817,Watauga,Texas,US
818,Agoura Hills,California,US
818,Burbank,California,US
818,Calabasas,California,US
818,North Glendale,California,US
818,La Caada Flintridge,California,US
818,San Fernando,California,US
828,Asheville,North Carolina,US
828,Hickory,North Carolina,US
830,Del Rio,Texas,US
830,Eagle Pass,Texas,US
830,Kerrville,Texas,US
830,New Braunfels,Texas,US
830,Seguin,Texas,US
831,Hollister,California,US
831,Marina,California,US
831,Monterey,California,US
831,Salinas,California,US
831,Santa Cruz,California,US
831,Seaside,California,US
831,Watsonville,California,US
832,Alvin,Texas,US
832,Atascocita,Texas,US
832,Baytown,Texas,US
832,Channelview,Texas,US
832,Cloverleaf,Texas,US
832,Deer Park,Texas,US
832,Friendswood,Texas,US
832,South Houston,Texas,US
832,La Porte,Texas,US
832,League City,Texas,US
832,Mission Bend,Texas,US
832,Missouri City,Texas,US
832,Pasadena,Texas,US
832,Pearland,Texas,US
832,Rosenberg,Texas,US
832,Spring,Texas,US
832,Sugar Land,Texas,US
832,The Woodlands,Texas,US
843,North Charleston,South Carolina,US
843,Florence,South Carolina,US
843,Goose Creek,South Carolina,US
843,Hilton Head Island,South Carolina,US
843,Mount Pleasant,South Carolina,US
843,North Myrtle Beach,South Carolina,US
843,North Charleston,South Carolina,US
843,Summerville,South Carolina,US
845,Kingston,New York,US
845,Middletown,New York,US
845,New City,New York,US
845,Newburgh,New York,US
845,Poughkeepsie,New York,US
845,Spring Valley,New York,US
847,Algonquin,Illinois,US
847,Arlington Heights,Illinois,US
847,Buffalo Grove,Illinois,US
847,Carpentersville,Illinois,US
847,Des Plaines,Illinois,US
847,South Elgin,Illinois,US
847,Elk Grove Village,Illinois,US
847,Evanston,Illinois,US
847,Glenview,Illinois,US
847,Gurnee,Illinois,US
847,Highland Park,Illinois,US
847,Hoffman Estates,Illinois,US
847,Lake Forest,Illinois,US
847,Lake in the Hills,Illinois,US
847,Libertyville,Illinois,US
847,Morton Grove,Illinois,US
847,Mount Prospect,Illinois,US
847,Mundelein,Illinois,US
847,Niles,Illinois,US
847,North Chicago,Illinois,US
847,Northbrook,Illinois,US
847,Palatine,Illinois,US
847,Park Ridge,Illinois,US
847,Rolling Meadows,Illinois,US
847,Round Lake Beach,Illinois,US
847,Schaumburg,Illinois,US
847,Skokie,Illinois,US
847,Vernon Hills,Illinois,US
847,Waukegan,Illinois,US
847,Wheeling,Illinois,US
847,Wilmette,Illinois,US
847,Zion,Illinois,US
848,Carteret,New Jersey,US
848,East Brunswick,New Jersey,US
848,Edison,New Jersey,US
848,Lakewood,New Jersey,US
848,West Long Branch,New Jersey,US
848,New Brunswick,New Jersey,US
848,East Brunswick,New Jersey,US
848,North Plainfield,New Jersey,US
848,South Old Bridge,New Jersey,US
848,Perth Amboy,New Jersey,US
848,Rahway,New Jersey,US
848,Sayreville,New Jersey,US
848,Somerset,New Jersey,US
848,Toms River,New Jersey,US
850,Bellview,Florida,US
850,Brent,Florida,US
850,Ferry Pass,Florida,US
850,Fort Walton Beach,Florida,US
850,Panama City,Florida,US
850,West Pensacola,Florida,US
850,Tallahassee,Florida,US
850,West Pensacola,Florida,US
850,Wright,Florida,US
856,Bridgeton,New Jersey,US
856,Camden,New Jersey,US
856,Cherry Hill,New Jersey,US
856,Millville,New Jersey,US
856,Pennsauken,New Jersey,US
856,Vineland,New Jersey,US
856,Willingboro,New Jersey,US
857,Belmont,Massachusetts,US
857,South Boston,Massachusetts,US
857,Brookline,Massachusetts,US
857,Cambridge,Massachusetts,US
857,Chelsea,Massachusetts,US
857,Everett,Massachusetts,US
857,Milton,Massachusetts,US
857,Newton,Massachusetts,US
857,Quincy,Massachusetts,US
857,Somerville,Massachusetts,US
857,Watertown,Massachusetts,US
858,Poway,California,US
859,Covington,Kentucky,US
859,Florence,Kentucky,US
859,Lexington,Kentucky,US
859,Richmond,Kentucky,US
860,Bristol,Connecticut,US
860,Manchester,Connecticut,US
860,East Hartford,Connecticut,US
860,West Hartford,Connecticut,US
860,Middletown,Connecticut,US
860,New Britain,Connecticut,US
860,New London,Connecticut,US
860,Newington,Connecticut,US
860,Norwich,Connecticut,US
860,West Torrington,Connecticut,US
860,West Hartford,Connecticut,US
860,Wethersfield,Connecticut,US
862,Belleville,New Jersey,US
862,Bloomfield,New Jersey,US
862,Clifton,New Jersey,US
862,East Orange,New Jersey,US
862,Garfield,New Jersey,US
862,Hillside,New Jersey,US
862,Irvington,New Jersey,US
862,Kearny,New Jersey,US
862,Livingston,New Jersey,US
862,Lodi,New Jersey,US
862,Maplewood,New Jersey,US
862,Montclair,New Jersey,US
862,Morristown,New Jersey,US
862,Newark,New Jersey,US
862,Nutley,New Jersey,US
862,West Orange,New Jersey,US
862,Passaic,New Jersey,US
862,Paterson,New Jersey,US
862,Wayne,New Jersey,US
862,West Milford,New Jersey,US
862,West Orange,New Jersey,US
863,Lakeland,Florida,US
863,Winter Haven,Florida,US
864,Anderson,South Carolina,US
864,Greenville,South Carolina,US
864,Greenwood,South Carolina,US
864,Spartanburg,South Carolina,US
864,Taylors,South Carolina,US
864,Wade Hampton,South Carolina,US
865,Knoxville,Tennessee,US
865,Maryville,Tennessee,US
865,Oak Ridge,Tennessee,US
865,Oak Ridge,Tennessee,US
870,El Dorado,Arkansas,US
870,Jonesboro,Arkansas,US
870,Paragould,Arkansas,US
870,Pine Bluff,Arkansas,US
870,Texarkana,Arkansas,US
870,West Memphis,Arkansas,US
878,Bethel Park,Pennsylvania,US
878,McKeesport,Pennsylvania,US
878,Mount Lebanon,Pennsylvania,US
878,Monroeville,Pennsylvania,US
878,New Castle,Pennsylvania,US
878,Penn Hills,Pennsylvania,US
878,Pittsburgh,Pennsylvania,US
878,Plum,Pennsylvania,US
878,Upper Saint Clair,Pennsylvania,US
878,West Mifflin,Pennsylvania,US
901,Bartlett,Tennessee,US
901,Collierville,Tennessee,US
901,Germantown,Tennessee,US
901,Memphis,Tennessee,US
903,Corsicana,Texas,US
903,Denison,Texas,US
903,Greenville,Texas,US
903,Longview,Texas,US
903,Marshall,Texas,US
903,Paris,Texas,US
903,Sherman,Texas,US
903,Texarkana,Texas,US
903,Tyler,Texas,US
904,Jacksonville,Florida,US
904,Jacksonville Beach,Florida,US
904,Lakeside,Florida,US
907,Anchorage,Alaska,US
907,College,Alaska,US
907,Fairbanks,Alaska,US
907,Juneau,Alaska,US
907,Ketchikan,Alaska,US
907,Sitka,Alaska,US
908,Cranford,New Jersey,US
908,Elizabeth,New Jersey,US
908,Hillside,New Jersey,US
908,Linden,New Jersey,US
908,South Plainfield,New Jersey,US
908,Roselle,New Jersey,US
908,Scotch Plains,New Jersey,US
908,South Plainfield,New Jersey,US
908,Summit,New Jersey,US
908,Union City,New Jersey,US
908,Westfield,New Jersey,US
909,Chino,California,US
909,Chino Hills,California,US
909,Claremont,California,US
909,Colton,California,US
909,Diamond Bar,California,US
909,Fontana,California,US
909,Highland,California,US
909,La Verne,California,US
909,Montclair,California,US
909,Ontario,California,US
909,Pomona,California,US
909,Rancho Cucamonga,California,US
909,Redlands,California,US
909,Rialto,California,US
909,San Bernardino,California,US
909,San Dimas,California,US
909,Upland,California,US
909,Yucaipa,California,US
910,Fayetteville,North Carolina,US
910,Fort Bragg,North Carolina,US
910,Jacksonville,North Carolina,US
910,Lumberton,North Carolina,US
910,Wilmington,North Carolina,US
912,Hinesville,Georgia,US
912,Savannah,Georgia,US
912,Statesboro,Georgia,US
913,Kansas City,Kansas,US
913,Leavenworth,Kansas,US
913,Leawood,Kansas,US
913,Lenexa,Kansas,US
913,Olathe,Kansas,US
913,Overland Park,Kansas,US
913,Prairie Village,Kansas,US
913,Shawnee,Kansas,US
914,Harrison,New York,US
914,Mount Vernon,New York,US
914,New Rochelle,New York,US
914,Ossining,New York,US
914,Peekskill,New York,US
914,Port Chester,New York,US
914,White Plains,New York,US
914,Yonkers,New York,US
915,El Paso,Texas,US
915,Socorro,Texas,US
916,Arden-Arcade,California,US
916,Carmichael,California,US
916,Citrus Heights,California,US
916,Elk Grove,California,US
916,North Fair Oaks,California,US
916,Florin,California,US
916,Folsom,California,US
916,La Riviera,California,US
916,Laguna,California,US
916,North Highlands,California,US
916,Orangevale,California,US
916,Rancho Cordova,California,US
916,Rocklin,California,US
916,Rosemont,California,US
916,Roseville,California,US
916,West Sacramento,California,US
916,West Sacramento,California,US
917,The Bronx,New York,US
917,Brooklyn,New York,US
917,New York City,New York,US
917,New York City,New York,US
917,Borough of Queens,New York,US
917,Staten Island,New York,US
918,Bartlesville,Oklahoma,US
918,Broken Arrow,Oklahoma,US
918,Muskogee,Oklahoma,US
918,Tulsa,Oklahoma,US
919,Apex,North Carolina,US
919,Cary,North Carolina,US
919,Chapel Hill,North Carolina,US
919,Durham,North Carolina,US
919,Goldsboro,North Carolina,US
919,West Raleigh,North Carolina,US
919,Sanford,North Carolina,US
920,Appleton,Wisconsin,US
920,De Pere,Wisconsin,US
920,North Fond du Lac,Wisconsin,US
920,Green Bay,Wisconsin,US
920,Manitowoc,Wisconsin,US
920,Neenah,Wisconsin,US
920,Oshkosh,Wisconsin,US
920,Sheboygan,Wisconsin,US
920,Watertown,Wisconsin,US
920,Watertown,Wisconsin,US
925,Antioch,California,US
925,Bay Point,California,US
925,Brentwood,California,US
925,Concord,California,US
925,Danville,California,US
925,Dublin,California,US
925,Lafayette,California,US
925,Livermore,California,US
925,Martinez,California,US
925,Oakley,California,US
925,Pittsburg,California,US
925,Pleasant Hill,California,US
925,Pleasanton,California,US
925,San Ramon,California,US
925,Walnut Creek,California,US
928,Bullhead City,Arizona,US
928,Flagstaff,Arizona,US
928,Fortuna Foothills,Arizona,US
928,Kingman,Arizona,US
928,Lake Havasu City,Arizona,US
928,Prescott,Arizona,US
928,Prescott Valley,Arizona,US
928,Yuma,Arizona,US
929,The Bronx,New York,US
929,Brooklyn,New York,US
929,New York City,New York,US
929,Borough of Queens,New York,US
929,Staten Island,New York,US
930,Bloomington,Indiana,US
930,Clarksville,Indiana,US
930,Columbus,Indiana,US
930,Evansville,Indiana,US
930,Jeffersonville,Indiana,US
930,New Albany,Indiana,US
930,Terre Haute,Indiana,US
931,Clarksville,Tennessee,US
931,Columbia,Tennessee,US
931,Cookeville,Tennessee,US
936,Conroe,Texas,US
936,Huntsville,Texas,US
936,Lufkin,Texas,US
936,Nacogdoches,Texas,US
937,Beavercreek,Ohio,US
937,Centerville,Ohio,US
937,Dayton,Ohio,US
937,Fairborn,Ohio,US
937,Huber Heights,Ohio,US
937,Kettering,Ohio,US
937,Piqua,Ohio,US
937,Riverside,Ohio,US
937,Sidney,Ohio,US
937,Springfield,Ohio,US
937,Trotwood,Ohio,US
937,Troy,Ohio,US
937,Xenia,Ohio,US
940,Denton,Texas,US
940,Lewisville,Texas,US
940,Wichita Falls,Texas,US
941,South Bradenton,Florida,US
941,North Port,Florida,US
941,Port Charlotte,Florida,US
941,Punta Gorda,Florida,US
941,Sarasota,Florida,US
941,South Bradenton,Florida,US
947,West Bloomfield Township,Michigan,US
947,Farmington Hills,Michigan,US
947,Ferndale,Michigan,US
947,Madison Heights,Michigan,US
947,Novi,Michigan,US
947,Oak Park,Michigan,US
947,Pontiac,Michigan,US
947,Rochester Hills,Michigan,US
947,Royal Oak,Michigan,US
947,Southfield,Michigan,US
947,Troy,Michigan,US
947,Waterford,Michigan,US
947,West Bloomfield Township,Michigan,US
949,Aliso Viejo,California,US
949,Costa Mesa,California,US
949,Dana Point,California,US
949,Irvine,California,US
949,Laguna Beach,California,US
949,Laguna Hills,California,US
949,Laguna Niguel,California,US
949,Lake Forest,California,US
949,Mission Viejo,California,US
949,Newport Beach,California,US
949,Rancho Santa Margarita,California,US
949,San Clemente,California,US
949,San Juan Capistrano,California,US
951,Banning,California,US
951,Corona,California,US
951,Hemet,California,US
951,Moreno Valley,California,US
951,Murrieta,California,US
951,Norco,California,US
951,Perris,California,US
951,Riverside,California,US
951,Rubidoux,California,US
951,Temecula,California,US
952,Bloomington,Minnesota,US
952,Burnsville,Minnesota,US
952,Chanhassen,Minnesota,US
952,Eden Prairie,Minnesota,US
952,Edina,Minnesota,US
952,Minnetonka,Minnesota,US
952,Savage,Minnesota,US
952,Shakopee,Minnesota,US
954,Coconut Creek,Florida,US
954,Cooper City,Florida,US
954,Coral Springs,Florida,US
954,Dania Beach,Florida,US
954,Davie,Florida,US
954,Deerfield Beach,Florida,US
954,Fort Lauderdale,Florida,US
954,Hallandale Beach,Florida,US
954,Hollywood,Florida,US
954,Lauderdale Lakes,Florida,US
954,Lauderhill,Florida,US
954,Margate,Florida,US
954,North Lauderdale,Florida,US
954,Pembroke Pines,Florida,US
954,Plantation,Florida,US
954,Pompano Beach,Florida,US
954,Sunrise,Florida,US
954,Tamarac,Florida,US
954,Weston,Florida,US
956,Brownsville,Texas,US
956,Edinburg,Texas,US
956,Harlingen,Texas,US
956,Laredo,Texas,US
956,McAllen,Texas,US
956,Mission,Texas,US
956,Pharr,Texas,US
956,San Benito,Texas,US
956,San Juan,Texas,US
956,Weslaco,Texas,US
959,Bristol,Connecticut,US
959,Manchester,Connecticut,US
959,East Hartford,Connecticut,US
959,West Hartford,Connecticut,US
959,Middletown,Connecticut,US
959,New Britain,Connecticut,US
959,New London,Connecticut,US
959,Newington,Connecticut,US
959,Norwich,Connecticut,US
959,West Torrington,Connecticut,US
959,West Hartford,Connecticut,US
959,Wethersfield,Connecticut,US
970,Fort Collins,Colorado,US
970,Grand Junction,Colorado,US
970,Greeley,Colorado,US
970,Loveland,Colorado,US
971,Aloha,Oregon,US
971,Beaverton,Oregon,US
971,Gresham,Oregon,US
971,Hillsboro,Oregon,US
971,Keizer,Oregon,US
971,Lake Oswego,Oregon,US
971,McMinnville,Oregon,US
971,Milwaukie,Oregon,US
971,Oregon City,Oregon,US
971,Portland,Oregon,US
971,Salem,Oregon,US
971,Tigard,Oregon,US
971,Tualatin,Oregon,US
971,West Linn,Oregon,US
971,Woodburn,Oregon,US
972,Allen,Texas,US
972,Carrollton,Texas,US
972,Cedar Hill,Texas,US
972,Coppell,Texas,US
972,Dallas,Texas,US
972,DeSoto,Texas,US
972,Duncanville,Texas,US
972,Farmers Branch,Texas,US
972,Flower Mound,Texas,US
972,Frisco,Texas,US
972,Garland,Texas,US
972,Grand Prairie,Texas,US
972,Irving,Texas,US
972,Lancaster,Texas,US
972,Lewisville,Texas,US
972,McKinney,Texas,US
972,Mesquite,Texas,US
972,Plano,Texas,US
972,Richardson,Texas,US
972,Rowlett,Texas,US
972,The Colony,Texas,US
972,University Park,Texas,US
972,Waxahachie,Texas,US
973,Belleville,New Jersey,US
973,Bloomfield,New Jersey,US
973,Clifton,New Jersey,US
973,East Orange,New Jersey,US
973,Garfield,New Jersey,US
973,Irvington,New Jersey,US
973,Livingston,New Jersey,US
973,Lodi,New Jersey,US
973,Maplewood,New Jersey,US
973,Montclair,New Jersey,US
973,Morristown,New Jersey,US
973,Newark,New Jersey,US
973,Nutley,New Jersey,US
973,West Orange,New Jersey,US
973,Passaic,New Jersey,US
973,Paterson,New Jersey,US
973,Wayne,New Jersey,US
973,West Milford,New Jersey,US
973,West Orange,New Jersey,US
978,Beverly,Massachusetts,US
978,Chelmsford,Massachusetts,US
978,Danvers,Massachusetts,US
978,Fitchburg,Massachusetts,US
978,Gardner,Massachusetts,US
978,Gloucester,Massachusetts,US
978,Haverhill,Massachusetts,US
978,Lawrence,Massachusetts,US
978,Leominster,Massachusetts,US
978,Lowell,Massachusetts,US
978,Methuen,Massachusetts,US
978,South Peabody,Massachusetts,US
978,Salem,Massachusetts,US
978,Wilmington,Massachusetts,US
979,Bryan,Texas,US
979,College Station,Texas,US
979,Lake Jackson,Texas,US
980,Charlotte,North Carolina,US
980,Concord,North Carolina,US
980,South Gastonia,North Carolina,US
980,Huntersville,North Carolina,US
980,Kannapolis,North Carolina,US
980,Matthews,North Carolina,US
980,Monroe,North Carolina,US
980,Salisbury,North Carolina,US
980,Statesville,North Carolina,US
984,Apex,North Carolina,US
984,Cary,North Carolina,US
984,Chapel Hill,North Carolina,US
984,Durham,North Carolina,US
984,Goldsboro,North Carolina,US
984,West Raleigh,North Carolina,US
984,Sanford,North Carolina,US
985,Houma,Louisiana,US
985,Laplace,Louisiana,US
985,Slidell,Louisiana,US
989,Bay City,Michigan,US
989,Midland,Michigan,US
989,Mount Pleasant,Michigan,US
989,Saginaw,Michigan,US
989,Saginaw,Michigan,US
854,North Charleston,South Carolina,US
854,Florence,South Carolina,US
854,Goose Creek,South Carolina,US
854,Hilton Head Island,South Carolina,US
854,Mount Pleasant,South Carolina,US
854,North Myrtle Beach,South Carolina,US
854,North Charleston,South Carolina,US
854,Summerville,South Carolina,US